
-- PROGRESSION 1:

--1. Insert into city
CREATE TABLE CITY1(ID NUMBER(11) NOT NULL, NAME VARCHAR(50) NOT NULL, CONSTRAINT CITY PRIMARY KEY(ID));
INSERT INTO CITY1(ID,NAME)
VALUES(101,'ANTON');
INSERT INTO CITY1(ID,NAME)
VALUES(102,'KARON');
INSERT INTO CITY1(ID,NAME)
VALUES(103,'KRISTEN');
SELECT * FROM CITY;
--2. Insert into referee
INSERT INTO REFEREE(ID,NAME)
VALUES(101,'JOHN');
INSERT INTO REFEREE(ID,NAME)
VALUES(102,'KHALI');
INSERT INTO REFEREE(ID,NAME)
VALUES(103,'KHALI');
--3. Insert into innings
CREATE TABLE innings
(ID NUMBER(11) NOT NULL,
INNINGS_NUMBER NUMBER(11) NOT NULL,
CONSTRAINT innings_pk PRIMARY KEY (ID)
);
INSERT INTO INNINGS(ID,INNINGS_NUMBER)
VALUES(101,3);
INSERT INTO INNINGS(ID,INNINGS_NUMBER)
VALUES(102,4);
INSERT INTO INNINGS(ID,INNINGS_NUMBER)
VALUES(103,5);
--4. Insert into extra_type
CREATE TABLE extra_type
(ID NUMBER(11) NOT NULL,
NAME VARCHAR(50) NOT NULL,
CONSTRAINT extra_type PRIMARY KEY (ID)
);
INSERT INTO EXTRA_TYPE(ID,NAME)
VALUES(101,'KANAN');
--5. Insert into skill
CREATE TABLE skill
(ID NUMBER(11) NOT NULL,
NAME VARCHAR(50) NOT NULL,
CONSTRAINT skill PRIMARY KEY (ID)
);
INSERT INTO SKILL(ID,NAME)
VALUES(101,'MANISH');
INSERT INTO SKILL(ID,NAME)
VALUES(102,'KARON');
INSERT INTO SKILL(ID,NAME)
VALUES(103,'DANIEL');
INSERT INTO SKILL(ID,NAME)
VALUES(104,'KIM');
SELECT * FROM SKILL;
--6. Insert into team
INSERT INTO TEAM(ID,NAME,COACH,HOME_CITY, CAPTAIN)
VALUES(101,'STEPHY','WALTER',101,103);
INSERT INTO TEAM(ID,NAME,COACH,HOME_CITY, CAPTAIN)
VALUES(102,'VENKAT','RAGAVI',102,104);
INSERT INTO TEAM(ID,NAME,COACH,HOME_CITY, CAPTAIN)
VALUES(103,'KARA','LABEL',102,105);
INSERT INTO TEAM(ID,NAME,COACH,HOME_CITY, CAPTAIN)
VALUES(104,'NEHA','NIDHI',103,105);
SELECT * FROM TEAM;
--7. Insert into player
INSERT INTO PLAYER(ID,NAME,COUNTRY,SKILL_ID, TEAM_ID)
VALUES(101,'MICHELE','INDIA',101,101);
INSERT INTO PLAYER(ID,NAME,COUNTRY,SKILL_ID, TEAM_ID)
VALUES(102,'SHARON','VENICE',101,102);
INSERT INTO PLAYER(ID,NAME,COUNTRY,SKILL_ID, TEAM_ID)
VALUES(103,'SHARON','VENICE',103,103);
INSERT INTO PLAYER(ID,NAME,COUNTRY,SKILL_ID, TEAM_ID)
VALUES(104,'MANYA','VENICE',104,104);
INSERT INTO PLAYER(ID,NAME,COUNTRY,SKILL_ID, TEAM_ID)
VALUES(105,'MANYA','VENICE',101,104);
--8. Insert into venue

INSERT INTO VENUE(ID,STADIUM_NAME, CITY_ID)
VALUES(101,'WANKHEDE MUMBAI',101);
--9. Insert into event
INSERT INTO EVENT(ID, INNINGS_ID,EVENT_NO,RAIDER_ID,RAID_POINTS,DEFENDING_POINTS,CLOCK_IN_SECONDS, TEAM_ONE_SCORE, TEAM_TWO_SCORE)
VALUES(101,101,5,101,9,5,45,16, 20);
--10. Insert into extra_event
INSERT INTO EXTRA_EVENT(ID, EVENT_ID,EXTRA_TYPE_ID, POINTS, SCORING_TEAM_ID)
VALUES(101,101,101,16,101);
--11. Insert into outcome
INSERT INTO OUTCOME(ID,STATUS,WINNER_TEAM_ID,SCORE,PLAYER_OF_MATCH)
VALUES(101,'WINNER',101,20,101);
--12. Insert into game
INSERT INTO GAME(ID,GAME_DATE,TEAM_ID_1, TEAM_ID_2,VENUE_ID,REFEREE_ID_1,REFEREE_ID_2,FIRST_INNINGS_ID,SECOND_INNINGS_ID)
VALUES(101,DATE '2020-05-27',101,102,101,101,102,102,103);
--13. Update player table
UPDATE PLAYER
SET SKILL_ID=102
WHERE ID=102;
--14. Update player table
UPDATE PLAYER
SET COUNTRY='LONDON'
WHERE ID=103;
--15. Update player table
UPDATE PLAYER
SET NAME='SCORPIO'
WHERE ID=103;
--16. Update player table
UPDATE PLAYER
SET COUNTRY='ENGLAND'
WHERE ID=104;
--17. Delete from extra_type
DELETE FROM EXTRA_TYPE
WHERE NAME='KANAN';
--18. Delete from referee
DELETE FROM REFEREE
WHERE ID=103;
--19. Delete from player
DELETE FROM PLAYER
WHERE ID=105;
--20. Delete from outcome
DELETE FROM OUTCOME
WHERE STATUS='WINNER';